{"cameraMode":{"drawMode":0,"name":"Shaded","section":"Shading Mode"},"sceneLighting":true,"audioPlay":false,"sceneViewState":{"showFog":true,"showMaterialUpdate":false,"showSkybox":true,"showFlares":true,"showImageEffects":true,"showParticleSystems":true},"in2DMode":false,"pivot":{"x":-4.394252300262451,"y":0.223388671875,"z":-4.375637054443359},"rotation":{"x":0.2027498334646225,"y":0.2273499071598053,"z":-0.048457007855176929,"w":0.9512408375740051},"size":1033.47607421875,"orthographic":true}