{"cameraMode":{"drawMode":0,"name":"Shaded","section":"Shading Mode"},"sceneLighting":false,"audioPlay":false,"sceneViewState":{"showFog":true,"showMaterialUpdate":false,"showSkybox":false,"showFlares":true,"showImageEffects":true,"showParticleSystems":true},"in2DMode":false,"pivot":{"x":-2.4709999561309816,"y":0.25,"z":0.46299999952316286},"rotation":{"x":0.13658103346824647,"y":0.4012901782989502,"z":-0.06064773350954056,"w":0.9036953449249268},"size":1.3492662906646729,"orthographic":true}