{"cameraMode":{"drawMode":0,"name":"Shaded","section":"Shading Mode"},"sceneLighting":true,"audioPlay":false,"sceneViewState":{"showFog":true,"showMaterialUpdate":false,"showSkybox":true,"showFlares":true,"showImageEffects":true,"showParticleSystems":true},"in2DMode":false,"pivot":{"x":-1.858154296875,"y":0.15582275390625,"z":-2.6314697265625},"rotation":{"x":0.09711083024740219,"y":-0.4781300127506256,"z":0.053291525691747668,"w":0.8712762594223023},"size":1.36151123046875,"orthographic":true}