{"cameraMode":{"drawMode":0,"name":"Shaded","section":"Shading Mode"},"sceneLighting":false,"audioPlay":false,"sceneViewState":{"showFog":true,"showMaterialUpdate":false,"showSkybox":false,"showFlares":true,"showImageEffects":true,"showParticleSystems":true},"in2DMode":false,"pivot":{"x":-2.7809548377990724,"y":0.7900000214576721,"z":0.2630000114440918},"rotation":{"x":0.16656844317913056,"y":0.2952110469341278,"z":-0.05234812572598457,"w":0.9393434524536133},"size":0.8003284335136414,"orthographic":true}