{"cameraMode":{"drawMode":0,"name":"Shaded","section":"Shading Mode"},"sceneLighting":true,"audioPlay":false,"sceneViewState":{"showFog":true,"showMaterialUpdate":false,"showSkybox":true,"showFlares":true,"showImageEffects":true,"showParticleSystems":true},"in2DMode":false,"pivot":{"x":-3.924065113067627,"y":-2.1471381187438967,"z":-3.5895042419433595},"rotation":{"x":0.6811291575431824,"y":-0.1675066202878952,"z":0.16452011466026307,"w":0.693501889705658},"size":5.534464359283447,"orthographic":true}