{"cameraMode":{"drawMode":0,"name":"Shaded","section":"Shading Mode"},"sceneLighting":true,"audioPlay":false,"sceneViewState":{"showFog":true,"showMaterialUpdate":false,"showSkybox":true,"showFlares":true,"showImageEffects":true,"showParticleSystems":true},"in2DMode":false,"pivot":{"x":-4.394252300262451,"y":0.223388671875,"z":-4.375637054443359},"rotation":{"x":0.6901351809501648,"y":0.01888236403465271,"z":-0.018017562106251718,"w":0.7232108116149902},"size":6.136491298675537,"orthographic":true}