{"cameraMode":{"drawMode":0,"name":"Shaded","section":"Shading Mode"},"sceneLighting":false,"audioPlay":false,"sceneViewState":{"showFog":true,"showMaterialUpdate":false,"showSkybox":false,"showFlares":true,"showImageEffects":true,"showParticleSystems":true},"in2DMode":false,"pivot":{"x":-2.1319940090179445,"y":0.0,"z":0.4943591356277466},"rotation":{"x":0.22436369955539704,"y":0.3643035292625427,"z":-0.09089149534702301,"w":0.8992849588394165},"size":1.6144955158233643,"orthographic":true}